{"cameraMode":{"drawMode":0,"name":"Shaded","section":"Shading Mode"},"sceneLighting":false,"audioPlay":false,"sceneViewState":{"m_AlwaysRefresh":false,"showFog":true,"showSkybox":false,"showFlares":true,"showImageEffects":true,"showParticleSystems":true,"showVisualEffectGraphs":true,"m_FxEnabled":true},"in2DMode":false,"pivot":{"x":584.2272338867188,"y":-0.06121951341629028,"z":-115.2303466796875},"rotation":{"x":-0.012421244755387307,"y":0.9840583801269531,"z":-0.16022427380084992,"w":-0.07630889117717743},"size":0.4200020134449005,"orthographic":false}