{"cameraMode":{"drawMode":0,"name":"Shaded","section":"Shading Mode"},"sceneLighting":false,"audioPlay":false,"sceneViewState":{"m_AlwaysRefresh":false,"showFog":true,"showSkybox":false,"showFlares":true,"showImageEffects":true,"showParticleSystems":true,"showVisualEffectGraphs":true,"m_FxEnabled":true},"in2DMode":false,"pivot":{"x":-0.07491418719291687,"y":-0.7359890937805176,"z":-1.3325639963150025},"rotation":{"x":-0.4934829771518707,"y":0.11919620633125305,"z":-0.06727409362792969,"w":-0.8591850996017456},"size":7.457900524139404,"orthographic":true}