{"cameraMode":{"drawMode":0,"name":"Shaded","section":"Shading Mode"},"sceneLighting":false,"audioPlay":false,"sceneViewState":{"m_AlwaysRefresh":false,"showFog":true,"showSkybox":false,"showFlares":true,"showImageEffects":true,"showParticleSystems":true,"showVisualEffectGraphs":true,"m_FxEnabled":true},"in2DMode":false,"pivot":{"x":-1.789360761642456,"y":0.29508674144744875,"z":0.05930094048380852},"rotation":{"x":0.35980087518692019,"y":-0.26885637640953066,"z":0.10908117890357971,"w":0.886900782585144},"size":2.369816541671753,"orthographic":false}