{"cameraMode":{"drawMode":0,"name":"Shaded","section":"Shading Mode"},"sceneLighting":false,"audioPlay":false,"sceneViewState":{"m_AlwaysRefresh":false,"showFog":true,"showSkybox":false,"showFlares":true,"showImageEffects":true,"showParticleSystems":true,"showVisualEffectGraphs":true,"m_FxEnabled":true},"in2DMode":false,"pivot":{"x":3.0925419330596926,"y":2.535975933074951,"z":-7.4398088455200199},"rotation":{"x":-0.17232881486415864,"y":0.028938941657543184,"z":-0.004433534108102322,"w":-0.9848196506500244},"size":7.457902431488037,"orthographic":true}