{"cameraMode":{"drawMode":0,"name":"Shaded","section":"Shading Mode"},"sceneLighting":false,"audioPlay":false,"sceneViewState":{"m_AlwaysRefresh":false,"showFog":true,"showSkybox":false,"showFlares":true,"showImageEffects":true,"showParticleSystems":true,"showVisualEffectGraphs":true,"m_FxEnabled":true},"in2DMode":false,"pivot":{"x":-17.962820053100587,"y":-2.307488441467285,"z":-3.2825546264648439},"rotation":{"x":-0.044094882905483249,"y":0.9448773860931397,"z":-0.29127731919288638,"w":-0.14367257058620454},"size":9.311166763305664,"orthographic":false}