{"cameraMode":{"drawMode":0,"name":"Shaded","section":"Shading Mode"},"sceneLighting":true,"audioPlay":false,"sceneViewState":{"m_AlwaysRefresh":false,"showFog":true,"showSkybox":false,"showFlares":true,"showImageEffects":true,"showParticleSystems":true,"showVisualEffectGraphs":true,"m_FxEnabled":true},"in2DMode":false,"pivot":{"x":48.287925720214847,"y":0.05947291851043701,"z":-39.69880676269531},"rotation":{"x":0.23938333988189698,"y":-0.7557753920555115,"z":0.3788131773471832,"w":0.47771286964416506},"size":0.8660253882408142,"orthographic":false}