{"cameraMode":{"drawMode":0,"name":"Shaded","section":"Shading Mode"},"sceneLighting":false,"audioPlay":false,"sceneViewState":{"m_AlwaysRefresh":false,"showFog":true,"showSkybox":false,"showFlares":true,"showImageEffects":true,"showParticleSystems":true,"showVisualEffectGraphs":true,"m_FxEnabled":true},"in2DMode":false,"pivot":{"x":-4.37352180480957,"y":-1.2160974740982056,"z":-2.384185791015625e-7},"rotation":{"x":0.0018093123799189926,"y":-0.9408848285675049,"z":0.33897778391838076,"w":0.005359063856303692},"size":3.1147103309631349,"orthographic":false}