{"cameraMode":{"drawMode":0,"name":"Shaded","section":"Shading Mode"},"sceneLighting":true,"audioPlay":false,"sceneViewState":{"m_AlwaysRefresh":false,"showFog":true,"showSkybox":false,"showFlares":true,"showImageEffects":true,"showParticleSystems":true,"showVisualEffectGraphs":true,"m_FxEnabled":true},"in2DMode":false,"pivot":{"x":9.777456283569336,"y":17.786365509033204,"z":-13.011903762817383},"rotation":{"x":-0.32649195194244387,"y":-0.5049818754196167,"z":0.21399876475334168,"w":-0.7699294090270996},"size":25.121749877929689,"orthographic":false}