{"cameraMode":{"drawMode":0,"name":"Shaded","section":"Shading Mode"},"sceneLighting":false,"audioPlay":false,"sceneViewState":{"m_AlwaysRefresh":false,"showFog":true,"showSkybox":false,"showFlares":true,"showImageEffects":true,"showParticleSystems":true,"showVisualEffectGraphs":true,"m_FxEnabled":true},"in2DMode":false,"pivot":{"x":19.259700775146486,"y":6.0892438888549809,"z":-3.6138455867767336},"rotation":{"x":0.25007951259613039,"y":0.17401288449764253,"z":-0.04561661556363106,"w":0.951478123664856},"size":8.221017837524414,"orthographic":false}