{"cameraMode":{"drawMode":0,"name":"Shaded","section":"Shading Mode"},"sceneLighting":false,"audioPlay":false,"sceneViewState":{"m_AlwaysRefresh":false,"showFog":true,"showSkybox":false,"showFlares":true,"showImageEffects":true,"showParticleSystems":true,"showVisualEffectGraphs":true,"m_FxEnabled":true},"in2DMode":false,"pivot":{"x":499.9613342285156,"y":19.501726150512697,"z":404.9656677246094},"rotation":{"x":0.0018093123799189926,"y":-0.9408848285675049,"z":0.33897778391838076,"w":0.005359063856303692},"size":7.919539928436279,"orthographic":false}