{"cameraMode":{"drawMode":0,"name":"Shaded","section":"Shading Mode"},"sceneLighting":true,"audioPlay":false,"sceneViewState":{"m_AlwaysRefresh":false,"showFog":true,"showSkybox":false,"showFlares":true,"showImageEffects":true,"showParticleSystems":true,"showVisualEffectGraphs":true,"m_FxEnabled":true},"in2DMode":false,"pivot":{"x":-9.095938682556153,"y":-1.2621650695800782,"z":-0.1992473602294922},"rotation":{"x":-0.6485768556594849,"y":0.01482385117560625,"z":-0.012744796462357045,"w":-0.7610197067260742},"size":16.958812713623048,"orthographic":false}