{"cameraMode":{"drawMode":0,"name":"Shaded","section":"Shading Mode"},"sceneLighting":false,"audioPlay":false,"sceneViewState":{"m_AlwaysRefresh":false,"showFog":true,"showSkybox":false,"showFlares":true,"showImageEffects":true,"showParticleSystems":true,"showVisualEffectGraphs":true,"m_FxEnabled":true},"in2DMode":false,"pivot":{"x":25.58936882019043,"y":-2.8260207176208498,"z":0.37568527460098269},"rotation":{"x":0.0018093123799189926,"y":-0.9408848285675049,"z":0.33897778391838076,"w":0.005359063856303692},"size":21.096792221069337,"orthographic":false}