{"cameraMode":{"drawMode":0,"name":"Shaded","section":"Shading Mode"},"sceneLighting":false,"audioPlay":false,"sceneViewState":{"m_AlwaysRefresh":false,"showFog":false,"showSkybox":false,"showFlares":false,"showImageEffects":false,"showParticleSystems":false,"showVisualEffectGraphs":true,"m_FxEnabled":true},"in2DMode":false,"pivot":{"x":0.1291789710521698,"y":0.736311137676239,"z":-0.22215212881565095},"rotation":{"x":-0.00013711571227759123,"y":0.9806974530220032,"z":-0.19554230570793153,"w":-0.0006858755950815976},"size":1.3227510452270508,"orthographic":false}