{"cameraMode":{"drawMode":0,"name":"Shaded","section":"Shading Mode"},"sceneLighting":true,"audioPlay":false,"sceneViewState":{"m_AlwaysRefresh":false,"showFog":true,"showSkybox":false,"showFlares":true,"showImageEffects":true,"showParticleSystems":true,"showVisualEffectGraphs":true,"m_FxEnabled":true},"in2DMode":false,"pivot":{"x":-12.276653289794922,"y":0.7285823822021484,"z":-26.630794525146486},"rotation":{"x":-0.035406481474637988,"y":-0.7812719941139221,"z":0.6217601299285889,"w":-0.044309794902801517},"size":14.806782722473145,"orthographic":false}