{"cameraMode":{"drawMode":0,"name":"Shaded","section":"Shading Mode"},"sceneLighting":false,"audioPlay":false,"sceneViewState":{"m_AlwaysRefresh":false,"showFog":true,"showSkybox":false,"showFlares":true,"showImageEffects":true,"showParticleSystems":true,"showVisualEffectGraphs":true,"m_FxEnabled":true},"in2DMode":false,"pivot":{"x":1.976959228515625,"y":3.309000015258789,"z":0.7476348876953125},"rotation":{"x":0.0018093123799189926,"y":-0.9408848285675049,"z":0.33897778391838076,"w":0.005359063856303692},"size":0.8660253882408142,"orthographic":false}