{"cameraMode":{"drawMode":0,"name":"Shaded","section":"Shading Mode"},"sceneLighting":false,"audioPlay":false,"sceneViewState":{"m_AlwaysRefresh":false,"showFog":true,"showSkybox":false,"showFlares":true,"showImageEffects":true,"showParticleSystems":true,"showVisualEffectGraphs":true,"m_FxEnabled":true},"in2DMode":false,"pivot":{"x":603.4166259765625,"y":17.879364013671876,"z":322.52166748046877},"rotation":{"x":0.00037912826519459486,"y":0.9991257190704346,"z":-0.006389028858393431,"w":0.043726254254579547},"size":4.497983932495117,"orthographic":false}