{"cameraMode":{"drawMode":0,"name":"Shaded","section":"Shading Mode"},"sceneLighting":true,"audioPlay":false,"sceneViewState":{"m_AlwaysRefresh":false,"showFog":true,"showSkybox":false,"showFlares":true,"showImageEffects":true,"showParticleSystems":true,"showVisualEffectGraphs":true,"m_FxEnabled":true},"in2DMode":false,"pivot":{"x":-28.451725006103517,"y":-0.3314606845378876,"z":20.414623260498048},"rotation":{"x":0.16070491075515748,"y":-0.3834148347377777,"z":0.06805388629436493,"w":0.9070590734481812},"size":0.8660253882408142,"orthographic":false}