{"cameraMode":{"drawMode":0,"name":"Shaded","section":"Shading Mode"},"sceneLighting":true,"audioPlay":false,"sceneViewState":{"m_AlwaysRefresh":false,"showFog":true,"showSkybox":false,"showFlares":true,"showImageEffects":true,"showParticleSystems":true,"showVisualEffectGraphs":true,"m_FxEnabled":true},"in2DMode":false,"pivot":{"x":-12.023042678833008,"y":-1.9599049091339112,"z":21.851625442504884},"rotation":{"x":-0.06047048047184944,"y":0.5435900688171387,"z":-0.039345547556877139,"w":-0.8363726735115051},"size":8.424684524536133,"orthographic":false}