{"cameraMode":{"drawMode":0,"name":"Shaded","section":"Shading Mode"},"sceneLighting":false,"audioPlay":false,"sceneViewState":{"m_AlwaysRefresh":false,"showFog":true,"showSkybox":false,"showFlares":true,"showImageEffects":true,"showParticleSystems":true,"showVisualEffectGraphs":true,"m_FxEnabled":true},"in2DMode":false,"pivot":{"x":26.897090911865236,"y":1.304332971572876,"z":-39.5249137878418},"rotation":{"x":0.0010213360656052828,"y":0.998954713344574,"z":0.036977872252464297,"w":-0.027580343186855317},"size":2.326411724090576,"orthographic":false}