{"cameraMode":{"drawMode":0,"name":"Shaded","section":"Shading Mode"},"sceneLighting":true,"audioPlay":false,"sceneViewState":{"m_AlwaysRefresh":false,"showFog":true,"showSkybox":false,"showFlares":true,"showImageEffects":true,"showParticleSystems":true,"showVisualEffectGraphs":true,"m_FxEnabled":true},"in2DMode":false,"pivot":{"x":-25.920412063598634,"y":0.06841830164194107,"z":19.220813751220704},"rotation":{"x":-0.2246192991733551,"y":-0.18090003728866578,"z":0.04239881783723831,"w":-0.9566819667816162},"size":0.8660253882408142,"orthographic":false}