{"cameraMode":{"drawMode":0,"name":"Shaded","section":"Shading Mode"},"sceneLighting":false,"audioPlay":false,"sceneViewState":{"m_AlwaysRefresh":false,"showFog":true,"showSkybox":false,"showFlares":true,"showImageEffects":true,"showParticleSystems":true,"showVisualEffectGraphs":true,"m_FxEnabled":true},"in2DMode":false,"pivot":{"x":579.9279174804688,"y":6.361342906951904,"z":-112.64338684082031},"rotation":{"x":-0.02138332836329937,"y":0.8130621910095215,"z":-0.5811905264854431,"w":-0.030018651857972146},"size":0.41192835569381716,"orthographic":false}