{"cameraMode":{"drawMode":0,"name":"Shaded","section":"Shading Mode"},"sceneLighting":true,"audioPlay":false,"sceneViewState":{"m_AlwaysRefresh":false,"showFog":true,"showSkybox":false,"showFlares":true,"showImageEffects":true,"showParticleSystems":true,"showVisualEffectGraphs":true,"m_FxEnabled":true},"in2DMode":false,"pivot":{"x":-25.34981346130371,"y":0.02953903190791607,"z":19.0539608001709},"rotation":{"x":-0.20813320577144624,"y":0.27423226833343508,"z":-0.060986824333667758,"w":-0.9369989037513733},"size":1.0223371982574463,"orthographic":false}