{"cameraMode":{"drawMode":0,"name":"Shaded","section":"Shading Mode"},"sceneLighting":true,"audioPlay":false,"sceneViewState":{"m_AlwaysRefresh":false,"showFog":true,"showSkybox":false,"showFlares":true,"showImageEffects":true,"showParticleSystems":true,"showVisualEffectGraphs":true,"m_FxEnabled":true},"in2DMode":false,"pivot":{"x":-15.533456802368164,"y":1.7468669414520264,"z":8.866716384887696},"rotation":{"x":0.10168223828077316,"y":-0.08143468201160431,"z":0.00845863576978445,"w":0.9915563464164734},"size":3.6945550441741945,"orthographic":false}