{"cameraMode":{"drawMode":0,"name":"Shaded","section":"Shading Mode"},"sceneLighting":false,"audioPlay":false,"sceneViewState":{"m_AlwaysRefresh":false,"showFog":true,"showSkybox":false,"showFlares":true,"showImageEffects":true,"showParticleSystems":true,"showVisualEffectGraphs":true,"m_FxEnabled":true},"in2DMode":false,"pivot":{"x":-8.220151901245118,"y":0.009950399398803711,"z":0.4768838882446289},"rotation":{"x":-0.46818336844444277,"y":0.3034452199935913,"z":-0.17516852915287019,"w":-0.8113271594047546},"size":3.0581815242767336,"orthographic":false}