{"cameraMode":{"drawMode":0,"name":"Shaded","section":"Shading Mode"},"sceneLighting":false,"audioPlay":false,"sceneViewState":{"m_AlwaysRefresh":false,"showFog":true,"showSkybox":false,"showFlares":true,"showImageEffects":true,"showParticleSystems":true,"showVisualEffectGraphs":true,"m_FxEnabled":true},"in2DMode":false,"pivot":{"x":0.19866487383842469,"y":3.7901999950408937,"z":-7.1150054931640629},"rotation":{"x":-0.4003545343875885,"y":-0.02558397687971592,"z":0.012217452749609948,"w":-0.9161533117294312},"size":6.137429237365723,"orthographic":true}