{"cameraMode":{"drawMode":0,"name":"Shaded","section":"Shading Mode"},"sceneLighting":false,"audioPlay":false,"sceneViewState":{"m_AlwaysRefresh":false,"showFog":true,"showSkybox":false,"showFlares":true,"showImageEffects":true,"showParticleSystems":true,"showVisualEffectGraphs":true,"m_FxEnabled":true},"in2DMode":false,"pivot":{"x":746.0823364257813,"y":18.237594604492189,"z":461.9779357910156},"rotation":{"x":0.03671431541442871,"y":0.9618801474571228,"z":-0.16313506662845612,"w":0.21650780737400056},"size":34.831016540527347,"orthographic":false}