{"cameraMode":{"drawMode":0,"name":"Shaded","section":"Shading Mode"},"sceneLighting":false,"audioPlay":false,"sceneViewState":{"m_AlwaysRefresh":false,"showFog":true,"showSkybox":false,"showFlares":true,"showImageEffects":true,"showParticleSystems":true,"showVisualEffectGraphs":true,"m_FxEnabled":true},"in2DMode":false,"pivot":{"x":25.37397003173828,"y":13.80286979675293,"z":-39.366729736328128},"rotation":{"x":-0.001977499108761549,"y":0.9978054165840149,"z":-0.05693691596388817,"w":-0.03454023599624634},"size":18.378490447998048,"orthographic":false}